{
    "dctnst34b56h501u": {
        "nome": "mario",
        "cognome": "de martino",
        "data nascita": "21/05/1980",
        "codice fiscale": "dctnst34b56h501u"
    },
    "dctnst34b56h501a": {
        "nome": "gianni",
        "cognome": "de martino",
        "data nascita": "21/05/1980",
        "codice fiscale": "dctnst34b56h501u"
    },
    "dctnst34b56h503e": {
        "nome": "maria",
        "cognome": "de martino",
        "data nascita": "21/05/1980",
        "codice fiscale": "d "
    },
    "bnnfe": {
        "nome": "paolo",
        "cognome": "rossi",
        "data nascita": "23-4-5555",
        "codice fiscale": "bnnfe"
    },
    "cnrvk344gerv": {
        "nome": "mario",
        "cognome": "rossi",
        "data nascita": "34-56-7788",
        "codice fiscale": "cnrvk344gerv"
    }
}